#,prompt,response,duration_sec,token_count,farm_type,days_since_planting,ph,soil_temperatute,soil_moisture,soil_nitrogen,soil_potassium,soil_phosphorous,soil_ec,ambient_temperature,atmospheric_humidity,rainfall_state,sunshine_intensity
1,"Farm data:
- Type: {{farm_type}}
- Days since planting: {{days_since_planting}}
- Soil pH: {{ph}}
- Soil temperature (Â°C): {{soil_temperature}}
- Soil moisture (%): {{soil_moisture}}
- Soil nitrogen: {{soil_nitrogen}}
- Soil potassium: {{soil_potassium}}
- Soil phosphorus: {{soil_phosphorus}}
- Soil electrical conductivity: {{soil_ec}}
- Air temperature (Â°C): {{ambient_temperature}}
- Air humidity (%): {{atmospheric_humidity}}
- Rainfall: {{rainfall_state}}
- Sunshine intensity: {{sunshine_intensity}}

You are an experienced agricultural extension officer specializing in paddy-rice farming.
Write a short instructional message (under 200 words) to help the farmer improve yield and protect the environment.

Guidelines:
- Speak in a friendly, natural tone, as if talking directly to the farmer.
- Avoid symbols, bullet points, and special characters that may sound awkward when spoken.
- Refer naturally to the provided data where relevant.
- Keep sentences clear, concise, and easy to read aloud.
- Begin with: ""Hello Watanabe-san,""

Example style:
""Hello Watanabe-san, your soil looks healthy but slightly low in nitrogen. You can add compost or a light fertilizer this week to help the plants grow stronger...""

Now, write the complete instructional message.
", Hello Watanabe-san! Your soil looks healthy but slightly low in nitrogen. You can add compost or a light fertilizer this week to help the plants grow stronger. It's important to maintain proper soil balance and nutrient levels to ensure optimal yield and protection of your environment.,24.904005,65,Paddy Rice,23,4.17,35.2,61.87,862.06,1628.74,1612.83,534.57,28.12,80.62,Dew,High
2,"Farm data:
- Type: {{farm_type}}
- Days since planting: {{days_since_planting}}
- Soil pH: {{ph}}
- Soil temperature (Â°C): {{soil_temperature}}
- Soil moisture (%): {{soil_moisture}}
- Soil nitrogen: {{soil_nitrogen}}
- Soil potassium: {{soil_potassium}}
- Soil phosphorus: {{soil_phosphorus}}
- Soil electrical conductivity: {{soil_ec}}
- Air temperature (Â°C): {{ambient_temperature}}
- Air humidity (%): {{atmospheric_humidity}}
- Rainfall: {{rainfall_state}}
- Sunshine intensity: {{sunshine_intensity}}

You are an experienced agricultural extension officer specializing in paddy-rice farming.
Write a short instructional message (under 200 words) to help the farmer improve yield and protect the environment.

Guidelines:
- Speak in a friendly, natural tone, as if talking directly to the farmer.
- Avoid symbols, bullet points, and special characters that may sound awkward when spoken.
- Refer naturally to the provided data where relevant.
- Keep sentences clear, concise, and easy to read aloud.
- Begin with: ""Hello Watanabe-san,""

Example style:
""Hello Watanabe-san, your soil looks healthy but slightly low in nitrogen. You can add compost or a light fertilizer this week to help the plants grow stronger...""

Now, write the complete instructional message.
"," Greetings Watanabe-san! Your soil appears to be well-balanced, so let's begin by adding some organic matter like compost or a light fertilizer. This will not only improve your soil's structure but also help the plants absorb more nutrients and grow stronger.

In order to make sure the plants receive the right amount of water and nutrients, we can also drench them with some pre-soaked paddy-rice in a bucket. This way, the water will circulate through your soil, providing enough moisture for your crops to thrive. 

To protect the environment, you can even consider using a mulch around your plants to keep the soil cool and reduce evaporation. By doing so, you'll help conserve water and lower your overall environmental impact. Remember to monitor your crop's health regularly to make sure they are getting the necessary nutrients and staying healthy.

I hope this helps! I always enjoy spending time with farmers like yourself and finding new ways to support your paddy-rice cultivation efforts.",16.019838,239,Paddy Rice,136,7.37,16.86,39.54,1199.28,718.03,925.43,7237.03,14.51,43.07,Light Rain,Moderate
3,"Farm data:
- Type: {{farm_type}}
- Days since planting: {{days_since_planting}}
- Soil pH: {{ph}}
- Soil temperature (Â°C): {{soil_temperature}}
- Soil moisture (%): {{soil_moisture}}
- Soil nitrogen: {{soil_nitrogen}}
- Soil potassium: {{soil_potassium}}
- Soil phosphorus: {{soil_phosphorus}}
- Soil electrical conductivity: {{soil_ec}}
- Air temperature (Â°C): {{ambient_temperature}}
- Air humidity (%): {{atmospheric_humidity}}
- Rainfall: {{rainfall_state}}
- Sunshine intensity: {{sunshine_intensity}}

You are an experienced agricultural extension officer specializing in paddy-rice farming.
Write a short instructional message (under 200 words) to help the farmer improve yield and protect the environment.

Guidelines:
- Speak in a friendly, natural tone, as if talking directly to the farmer.
- Avoid symbols, bullet points, and special characters that may sound awkward when spoken.
- Refer naturally to the provided data where relevant.
- Keep sentences clear, concise, and easy to read aloud.
- Begin with: ""Hello Watanabe-san,""

Example style:
""Hello Watanabe-san, your soil looks healthy but slightly low in nitrogen. You can add compost or a light fertilizer this week to help the plants grow stronger...""

Now, write the complete instructional message.
"," Hello Watanabe-san! Your soil seems to be in good condition, and it's high time you added some organic matter to keep your plants vibrant. To improve yields and protect our environment, we recommend incorporating organic nitrogen-rich compost or a light fertilizer such as fish emulsion into your soil. This will help provide the necessary nutrients and boost your plants' growth while keeping them more resilient to drought. Remember, it takes time for the plants to absorb these nutrients, so start with a gentle amount and gradually increase as you see the benefits.",8.576044,130,Paddy Rice,159,10.73,19.73,67.43,1790.85,1183.44,1247.57,4290.56,21.41,8.77,No Rain,High
4,"Farm data:
- Type: {{farm_type}}
- Days since planting: {{days_since_planting}}
- Soil pH: {{ph}}
- Soil temperature (Â°C): {{soil_temperature}}
- Soil moisture (%): {{soil_moisture}}
- Soil nitrogen: {{soil_nitrogen}}
- Soil potassium: {{soil_potassium}}
- Soil phosphorus: {{soil_phosphorus}}
- Soil electrical conductivity: {{soil_ec}}
- Air temperature (Â°C): {{ambient_temperature}}
- Air humidity (%): {{atmospheric_humidity}}
- Rainfall: {{rainfall_state}}
- Sunshine intensity: {{sunshine_intensity}}

You are an experienced agricultural extension officer specializing in paddy-rice farming.
Write a short instructional message (under 200 words) to help the farmer improve yield and protect the environment.

Guidelines:
- Speak in a friendly, natural tone, as if talking directly to the farmer.
- Avoid symbols, bullet points, and special characters that may sound awkward when spoken.
- Refer naturally to the provided data where relevant.
- Keep sentences clear, concise, and easy to read aloud.
- Begin with: ""Hello Watanabe-san,""

Example style:
""Hello Watanabe-san, your soil looks healthy but slightly low in nitrogen. You can add compost or a light fertilizer this week to help the plants grow stronger...""

Now, write the complete instructional message.
"," Hello Watanabe-san,

Your soil looks healthy but slightly low in nitrogen. You can add compost or a light fertilizer this week to help the plants grow stronger.

Avoid overwatering and pruning excessive branches as it might reduce yield. Keep an eye on pests and diseases, as they can affect your crop.

For better irrigation, consider using drip irrigation or a water mulch system to minimize water runoff and manage soil moisture more effectively. Regularly inspect your plants for signs of damage such as stunted growth or mossy leaves, and address them promptly.

In order to maximize the efficiency of your fertilizer application, consider using a slow-release formula that provides immediate results rather than a one-time boost. This will help maintain optimal soil nutrient levels over time.

To reduce wind erosion and protect your crop from harsh weather conditions, consider installing an irrigation system with a drip or microsprinkler feature. These devices can deliver evenly distributed water to each plant, reducing the amount of water needed for optimal growth.

If you have any questions or concerns about your paddy-rice farm, feel free to ask. We're here to help! ðŸŒ±ðŸ˜Š",20.101249,289,Paddy Rice,100,0.8,32.34,30.22,147.84,225.86,310.21,8485.93,35.93,71.23,Heavy Rain,Low
5,"Farm data:
- Type: {{farm_type}}
- Days since planting: {{days_since_planting}}
- Soil pH: {{ph}}
- Soil temperature (Â°C): {{soil_temperature}}
- Soil moisture (%): {{soil_moisture}}
- Soil nitrogen: {{soil_nitrogen}}
- Soil potassium: {{soil_potassium}}
- Soil phosphorus: {{soil_phosphorus}}
- Soil electrical conductivity: {{soil_ec}}
- Air temperature (Â°C): {{ambient_temperature}}
- Air humidity (%): {{atmospheric_humidity}}
- Rainfall: {{rainfall_state}}
- Sunshine intensity: {{sunshine_intensity}}

You are an experienced agricultural extension officer specializing in paddy-rice farming.
Write a short instructional message (under 200 words) to help the farmer improve yield and protect the environment.

Guidelines:
- Speak in a friendly, natural tone, as if talking directly to the farmer.
- Avoid symbols, bullet points, and special characters that may sound awkward when spoken.
- Refer naturally to the provided data where relevant.
- Keep sentences clear, concise, and easy to read aloud.
- Begin with: ""Hello Watanabe-san,""

Example style:
""Hello Watanabe-san, your soil looks healthy but slightly low in nitrogen. You can add compost or a light fertilizer this week to help the plants grow stronger...""

Now, write the complete instructional message.
"," Hello Watanabe-san! Your soil appears healthy and well-maintained. To boost your yield and protect the environment, I would recommend adding compost or a light fertilizer this week to help the plants grow stronger. This will improve their overall health and vitality, while also reducing the reliance on synthetic chemicals for pesticides and fertilizers. Remember, it's important to maintain a balanced diet of organic matter and other natural resources to support the growth of your crops. I hope this information helps!",7.958069,116,Paddy Rice,122,3.05,36.61,74.04,425.47,1415.65,631.96,9478.63,19.47,24.17,Heavy Rain,High
6,"Farm data:
- Type: {{farm_type}}
- Days since planting: {{days_since_planting}}
- Soil pH: {{ph}}
- Soil temperature (Â°C): {{soil_temperature}}
- Soil moisture (%): {{soil_moisture}}
- Soil nitrogen: {{soil_nitrogen}}
- Soil potassium: {{soil_potassium}}
- Soil phosphorus: {{soil_phosphorus}}
- Soil electrical conductivity: {{soil_ec}}
- Air temperature (Â°C): {{ambient_temperature}}
- Air humidity (%): {{atmospheric_humidity}}
- Rainfall: {{rainfall_state}}
- Sunshine intensity: {{sunshine_intensity}}

You are an experienced agricultural extension officer specializing in paddy-rice farming.
Write a short instructional message (under 200 words) to help the farmer improve yield and protect the environment.

Guidelines:
- Speak in a friendly, natural tone, as if talking directly to the farmer.
- Avoid symbols, bullet points, and special characters that may sound awkward when spoken.
- Refer naturally to the provided data where relevant.
- Keep sentences clear, concise, and easy to read aloud.
- Begin with: ""Hello Watanabe-san,""

Example style:
""Hello Watanabe-san, your soil looks healthy but slightly low in nitrogen. You can add compost or a light fertilizer this week to help the plants grow stronger...""

Now, write the complete instructional message.
"," Hello Watanabe-san,

Your soil appears to be below average for its depth and pH levels. To boost growth, you could consider incorporating compost or a light fertilizer this week. This will help your plants have a healthy start in growing strong.

Here's a step-by-step guide to help:

1. Loosen the soil using your hands or a garden fork. This helps loosen any clumps and releases air and water between the layers.
2. Find a pile of compost, manure, or other organic material. You can ask a neighbor for this, or purchase it from your local nursery or farmer's market.
3. Add about 1-2 inches of compost to each wheelbarrow or gardening plot you have, making sure it reaches the bottom. This will help improve soil structure and aeration.
4. Pour a generous amount of organic fertilizer (such as egg shells, bone meal, or peat moss) into the raised part of the wheelbarrow. The nutrients in the fertilizer will provide your plants with essential nutrients, including nitrogen and phosphorus, to help them grow strong and healthy.
5. Water your soil well, making sure it's not dry or overly wet. This helps keep your plants hydrated and provides them with the necessary water needed for optimal growth.
6. Apply a light layer of compost or fertilizer to your garden beds or potted plants this week. This will help promote healthy growth and enhance their overall appearance.
7. Feed your plants using a balanced, organic fertilizer like a liquid fertilizer or a pea-sized amount of complete fertilizer. The recommended dosage for your plants is 1-2 tbsp per plant, spread evenly across the soil surface. This will encourage strong growth and improve overall health.
8. Continue to monitor your plants' progress and make adjustments as needed. For instance, if you noticed weaker growth or a decrease in leaf size, you may need to increase your fertilizer dosage or adjust your watering routine accordingly.
9. Repeat this process every week until the soil is showing signs of improvement.

Remember to always ask for help from your neighbors and farming experts if you're unsure about how to proceed with any specific issue. Good luck growing strong plants in your paddy-rice farming endeavors!",40.757671,546,Paddy Rice,38,13.86,11.71,21.72,1512.82,489.32,1819.37,2746.11,37.75,61.71,Dew,High
7,"Farm data:
- Type: {{farm_type}}
- Days since planting: {{days_since_planting}}
- Soil pH: {{ph}}
- Soil temperature (Â°C): {{soil_temperature}}
- Soil moisture (%): {{soil_moisture}}
- Soil nitrogen: {{soil_nitrogen}}
- Soil potassium: {{soil_potassium}}
- Soil phosphorus: {{soil_phosphorus}}
- Soil electrical conductivity: {{soil_ec}}
- Air temperature (Â°C): {{ambient_temperature}}
- Air humidity (%): {{atmospheric_humidity}}
- Rainfall: {{rainfall_state}}
- Sunshine intensity: {{sunshine_intensity}}

You are an experienced agricultural extension officer specializing in paddy-rice farming.
Write a short instructional message (under 200 words) to help the farmer improve yield and protect the environment.

Guidelines:
- Speak in a friendly, natural tone, as if talking directly to the farmer.
- Avoid symbols, bullet points, and special characters that may sound awkward when spoken.
- Refer naturally to the provided data where relevant.
- Keep sentences clear, concise, and easy to read aloud.
- Begin with: ""Hello Watanabe-san,""

Example style:
""Hello Watanabe-san, your soil looks healthy but slightly low in nitrogen. You can add compost or a light fertilizer this week to help the plants grow stronger...""

Now, write the complete instructional message.
"," Hello Watanabe-san! Your soil appears to be healthy, but it could use a little boost in nitrogen. You can add compost or a light fertilizer this week to help your plants grow stronger. Let me know if you have any questions or need further assistance.",4.676108,61,Paddy Rice,61,10.48,22.07,57.13,1477.31,1892.2,8.95,5737.13,30.05,89.76,Dew,Moderate
8,"Farm data:
- Type: {{farm_type}}
- Days since planting: {{days_since_planting}}
- Soil pH: {{ph}}
- Soil temperature (Â°C): {{soil_temperature}}
- Soil moisture (%): {{soil_moisture}}
- Soil nitrogen: {{soil_nitrogen}}
- Soil potassium: {{soil_potassium}}
- Soil phosphorus: {{soil_phosphorus}}
- Soil electrical conductivity: {{soil_ec}}
- Air temperature (Â°C): {{ambient_temperature}}
- Air humidity (%): {{atmospheric_humidity}}
- Rainfall: {{rainfall_state}}
- Sunshine intensity: {{sunshine_intensity}}

You are an experienced agricultural extension officer specializing in paddy-rice farming.
Write a short instructional message (under 200 words) to help the farmer improve yield and protect the environment.

Guidelines:
- Speak in a friendly, natural tone, as if talking directly to the farmer.
- Avoid symbols, bullet points, and special characters that may sound awkward when spoken.
- Refer naturally to the provided data where relevant.
- Keep sentences clear, concise, and easy to read aloud.
- Begin with: ""Hello Watanabe-san,""

Example style:
""Hello Watanabe-san, your soil looks healthy but slightly low in nitrogen. You can add compost or a light fertilizer this week to help the plants grow stronger...""

Now, write the complete instructional message.
"," Hello Watanabe-san! Your soil looks healthy but slightly low in nitrogen. You can add compost or a light fertilizer this week to help the plants grow stronger. Here are some tips on how you could improve your yield:

1. Apply a balanced combination of organic and chemical inputs, such as compost, nitrogen-rich fertilizers like poultry manure, and micronutrients like sulfur or phosphate rock. 
2. Incorporate well-draining soil with a pH between 6.0 and 7.0 to ensure the plants receive the necessary nutrients and stay healthy throughout their growth cycle.
3. Regularly inspect your crops for signs of pests or diseases. You can use natural insecticides like neem oil, peppermint oil, and garlic to keep your fields free from unwanted visitors. 
4. Monitor soil moisture levels regularly to ensure proper drainage and prevent root rot or mold.
5. Reduce the number of weeds by incorporating them into the soil and maintaining a balanced plant community by providing adequate nutrients like nitrogen, phosphorus, and potassium. 
6. Harvest your ripe paddy when it's fully mature, ideally before the end of the season. This allows you to maximize yield and prevent overproduction.
7. If there are any issues with your crops, like a fungal infection or leaf burn, consult with a professional for guidance.
8. Finally, thank you for all your hard work and commitment! It's truly inspiring to see the success of your paddy-rice farming efforts.""",30.586698,380,Paddy Rice,198,6.4,26.24,49.92,584.43,950.24,1446.3,1492.48,12.7,27.31,Dew,High
9,"Farm data:
- Type: {{farm_type}}
- Days since planting: {{days_since_planting}}
- Soil pH: {{ph}}
- Soil temperature (Â°C): {{soil_temperature}}
- Soil moisture (%): {{soil_moisture}}
- Soil nitrogen: {{soil_nitrogen}}
- Soil potassium: {{soil_potassium}}
- Soil phosphorus: {{soil_phosphorus}}
- Soil electrical conductivity: {{soil_ec}}
- Air temperature (Â°C): {{ambient_temperature}}
- Air humidity (%): {{atmospheric_humidity}}
- Rainfall: {{rainfall_state}}
- Sunshine intensity: {{sunshine_intensity}}

You are an experienced agricultural extension officer specializing in paddy-rice farming.
Write a short instructional message (under 200 words) to help the farmer improve yield and protect the environment.

Guidelines:
- Speak in a friendly, natural tone, as if talking directly to the farmer.
- Avoid symbols, bullet points, and special characters that may sound awkward when spoken.
- Refer naturally to the provided data where relevant.
- Keep sentences clear, concise, and easy to read aloud.
- Begin with: ""Hello Watanabe-san,""

Example style:
""Hello Watanabe-san, your soil looks healthy but slightly low in nitrogen. You can add compost or a light fertilizer this week to help the plants grow stronger...""

Now, write the complete instructional message.
"," Hello Watanabe-san! Your soil looks healthy but slightly low in nitrogen. You can add compost or a light fertilizer this week to help the plants grow stronger. If you're not sure how much to use, start with a small amount and adjust based on the plant's response. Remember, more nitrogen will increase their growth rate but may also encourage excessive growth and make it harder for them to maintain a balanced diet. Enjoy your week of gardening!",8.772578,109,Paddy Rice,82,8.47,29.89,77.26,678.54,1088.81,215.53,3131.76,18.93,12.59,No Rain,Moderate
10,"Farm data:
- Type: {{farm_type}}
- Days since planting: {{days_since_planting}}
- Soil pH: {{ph}}
- Soil temperature (Â°C): {{soil_temperature}}
- Soil moisture (%): {{soil_moisture}}
- Soil nitrogen: {{soil_nitrogen}}
- Soil potassium: {{soil_potassium}}
- Soil phosphorus: {{soil_phosphorus}}
- Soil electrical conductivity: {{soil_ec}}
- Air temperature (Â°C): {{ambient_temperature}}
- Air humidity (%): {{atmospheric_humidity}}
- Rainfall: {{rainfall_state}}
- Sunshine intensity: {{sunshine_intensity}}

You are an experienced agricultural extension officer specializing in paddy-rice farming.
Write a short instructional message (under 200 words) to help the farmer improve yield and protect the environment.

Guidelines:
- Speak in a friendly, natural tone, as if talking directly to the farmer.
- Avoid symbols, bullet points, and special characters that may sound awkward when spoken.
- Refer naturally to the provided data where relevant.
- Keep sentences clear, concise, and easy to read aloud.
- Begin with: ""Hello Watanabe-san,""

Example style:
""Hello Watanabe-san, your soil looks healthy but slightly low in nitrogen. You can add compost or a light fertilizer this week to help the plants grow stronger...""

Now, write the complete instructional message.
"," Hello Watanabe-san, your soil appears healthy but slightly low in nitrogen. To boost plant growth and help them flourish, consider adding compost or a light fertilizer to your paddy-rice fields. Here's how you can make it easy for both you and your plants:

1. Gather your necessary supplies:
- A gardening hoe or trowel
- Gardening shears or scissors
- A small handheld fertilizer spreader (like this one)
- A container to collect the newly added nitrogen (such as a jar, slip of plastic, or a clean sling bag)

2. First, measure out about 3/4 of an inch of soil from the top of your plant. This should be just enough to allow you to comfortably reach the root base.

3. Next, gently scrape away any dirt and rocks from around your plant's roots using your gardening shears or scissors. Be sure not to cut into the plant's tissue directly, as this could cause damage and lower nitrogen levels in your soil.

4. Place your handheld fertilizer spreader (or container of your choice) onto the dirt you just removed. Gently press down on the spreader until it covers about 1-2 inches of soil perpendicular to your plant's roots. Be sure not to push too hard, as this could damage the root system.

5. Spread a thin layer of fertilizer across the top of your soil, starting from the base and working upwards. You can use a compost-based fertilizer, like NPK (nitrogen-phosphorus-potassium), or you can mix in some organic matter (like gardening hay or compost).

6. If you're using a light fertilizer, you might want to wait until the next day to apply it to your plants. Light fertilizers provide more immediate results but may not be as effective over time.

7. Carefully remove the spreader and rinse it with clean water. Be sure to dispose of any remaining nutrients in a safe, proper waste container (like a bucket or can) before filling it back up with new soil.

8. Now comes the fun part: watering! This is an essential step for boosting plant growth and ensuring that your fertilizer does its job effectively. To water your plants, gently spray them with a gentle, soothing water source like lukewarm tap water. You can also use a hose or spray bottle to apply the fertilizer evenly across your plants.

9. When you're done watering, it's essential to keep the area between your plants and your gardening hoe or trowel free of weeds. Weeds can compete for resources like nitrogen and sunlight, reducing their effectiveness as a fertilizer.

10. After the fertilizer application is complete, give your plants some time to recover from the boost in nutrients. This usually takes about two weeks. During this time, make sure to keep the soil moist but not wet. You can also apply a balanced fertilizer with added nitrogen once per week until the plants reach their full potential.

11. Now comes the fun part: harvesting! After your plants have reached their peak production, you can carefully cut them back to create a more open structure for next year's growth.

By following these simple guidelines, you'll help improve both your yield and protect your environment by using composted soil and low-nitrogen fertilizer. Remember, it takes time and effort to achieve optimal results, but the benefits are well worth it!",74.224639,826,Paddy Rice,170,4.4,17.99,25.05,1258.19,6.35,1277.93,8936.71,38.15,50.04,Heavy Rain,Moderate
11,"Farm data:
- Type: {{farm_type}}
- Days since planting: {{days_since_planting}}
- Soil pH: {{ph}}
- Soil temperature (Â°C): {{soil_temperature}}
- Soil moisture (%): {{soil_moisture}}
- Soil nitrogen: {{soil_nitrogen}}
- Soil potassium: {{soil_potassium}}
- Soil phosphorus: {{soil_phosphorus}}
- Soil electrical conductivity: {{soil_ec}}
- Air temperature (Â°C): {{ambient_temperature}}
- Air humidity (%): {{atmospheric_humidity}}
- Rainfall: {{rainfall_state}}
- Sunshine intensity: {{sunshine_intensity}}

You are an experienced agricultural extension officer specializing in paddy-rice farming.
Write a short instructional message (under 200 words) to help the farmer improve yield and protect the environment.

Guidelines:
- Speak in a friendly, natural tone, as if talking directly to the farmer.
- Avoid symbols, bullet points, and special characters that may sound awkward when spoken.
- Refer naturally to the provided data where relevant.
- Keep sentences clear, concise, and easy to read aloud.
- Begin with: ""Hello Watanabe-san,""

Example style:
""Hello Watanabe-san, your soil looks healthy but slightly low in nitrogen. You can add compost or a light fertilizer this week to help the plants grow stronger...""

Now, write the complete instructional message.
"," Hello Watanabe-san, 

Your soil appears to be healthy but a bit low in nitrogen. This could be due to your farming practices or even an unexpected lack of rain. To improve your yield and protect our precious planet, I recommend including compost or a light fertilizer in your soil this week. Remember, the key is to maintain proper soil pH, air temperature, and other factors that can affect crop growth.

In addition to these steps, you could also consider planting a cover crop like radish or turnip to reduce erosion and improve soil structure. Furthermore, incorporate worm casts into your soil regularly to help enrich it. Regular care and attention to your farm's needs can go a long way in improving your yield and ensuring a sustainable future for both you and our planet.

If you have any questions or concerns about your farm, please do not hesitate to ask. I would be happy to help.",18.518579,213,Paddy Rice,144,1.02,15.36,52.97,1732.17,1596.6,580.78,1888.07,31.55,96.94,Light Rain,High
12,"Farm data:
- Type: {{farm_type}}
- Days since planting: {{days_since_planting}}
- Soil pH: {{ph}}
- Soil temperature (Â°C): {{soil_temperature}}
- Soil moisture (%): {{soil_moisture}}
- Soil nitrogen: {{soil_nitrogen}}
- Soil potassium: {{soil_potassium}}
- Soil phosphorus: {{soil_phosphorus}}
- Soil electrical conductivity: {{soil_ec}}
- Air temperature (Â°C): {{ambient_temperature}}
- Air humidity (%): {{atmospheric_humidity}}
- Rainfall: {{rainfall_state}}
- Sunshine intensity: {{sunshine_intensity}}

You are an experienced agricultural extension officer specializing in paddy-rice farming.
Write a short instructional message (under 200 words) to help the farmer improve yield and protect the environment.

Guidelines:
- Speak in a friendly, natural tone, as if talking directly to the farmer.
- Avoid symbols, bullet points, and special characters that may sound awkward when spoken.
- Refer naturally to the provided data where relevant.
- Keep sentences clear, concise, and easy to read aloud.
- Begin with: ""Hello Watanabe-san,""

Example style:
""Hello Watanabe-san, your soil looks healthy but slightly low in nitrogen. You can add compost or a light fertilizer this week to help the plants grow stronger...""

Now, write the complete instructional message.
"," Hello Watanabe-san! Your soil appears healthy but requires some extra attention. Over the past few days, your soil temperature has been consistently hovering around 25Â°C (77Â°F), which is too warm for optimal growth. To improve soil health and yield, you can try:

1. Apply a light fertilizer: 0.3-0.6 kg/ha of organic matter per year, depending on your paddy-rice cultivation practices. For example, if you use deep-sea salinity or use nitrogen-fixing fungi for paddy-rice growth, an organic fertilizer might be appropriate.

2. Compost amendment: 30-50 kg/ha of aged manure (such as horse or cow manure) can help improve soil structure, reduce compaction, and increase nutrient availability. You can apply it at the beginning of your planting season to provide a quick boost in organic matter and enrich the soil.

3. Regular air drainage: When water seeps into your paddy-rice fields during heavy rains or after harvest, let it drain through small trenches or gaps between the rows. This helps maintain moisture levels in the soil and prevents excessive evaporation.

4. Mulch application: To protect your plants from direct sunlight during winter and maintain a balanced temperature throughout the growing season, apply a layer of organic mulch (such as wood chips or bark chips) on top of your soil. This will help retain moisture, reduce soil erosion, and improve the overall health of your plants.

5. Harvesting practices: To maximize your yield, consider using a systemic pest management method like fungicides to control pests such as pigmented mealybugs and powdery mildew. Additionally, applying a balanced fertilizer can help your plants grow faster and stronger.

Remember, practice is key when it comes to farming. If you're unsure of how to apply the fertilizer or mulch, ask for guidance from a local extension officer or researcher. Have a gardening buddy nearby to offer advice or share any success stories. Good luck, Watanabe-san! Let me know if I can help further.""
",46.378153,512,Paddy Rice,9,11.83,32.52,45.65,331.11,561.02,1893.14,5185.31,11.4,34.39,Dew,High
13,"Farm data:
- Type: {{farm_type}}
- Days since planting: {{days_since_planting}}
- Soil pH: {{ph}}
- Soil temperature (Â°C): {{soil_temperature}}
- Soil moisture (%): {{soil_moisture}}
- Soil nitrogen: {{soil_nitrogen}}
- Soil potassium: {{soil_potassium}}
- Soil phosphorus: {{soil_phosphorus}}
- Soil electrical conductivity: {{soil_ec}}
- Air temperature (Â°C): {{ambient_temperature}}
- Air humidity (%): {{atmospheric_humidity}}
- Rainfall: {{rainfall_state}}
- Sunshine intensity: {{sunshine_intensity}}

You are an experienced agricultural extension officer specializing in paddy-rice farming.
Write a short instructional message (under 200 words) to help the farmer improve yield and protect the environment.

Guidelines:
- Speak in a friendly, natural tone, as if talking directly to the farmer.
- Avoid symbols, bullet points, and special characters that may sound awkward when spoken.
- Refer naturally to the provided data where relevant.
- Keep sentences clear, concise, and easy to read aloud.
- Begin with: ""Hello Watanabe-san,""

Example style:
""Hello Watanabe-san, your soil looks healthy but slightly low in nitrogen. You can add compost or a light fertilizer this week to help the plants grow stronger...""

Now, write the complete instructional message.
","Hello Watanabe-san, your soil looks healthy but slightly low in nitrogen. You can add compost or a light fertilizer this week to help the plants grow stronger. I hope that helps! For more information and updates on how we can work together to improve your paddy-rice yield and protect the environment, feel free to ask any questions or reach out to us through our website.",7.481683,85,Paddy Rice,181,12.33,28.48,57.59,116.95,1860.0,1039.16,6841.45,25.75,82.63,Light Rain,Low
14,"Farm data:
- Type: {{farm_type}}
- Days since planting: {{days_since_planting}}
- Soil pH: {{ph}}
- Soil temperature (Â°C): {{soil_temperature}}
- Soil moisture (%): {{soil_moisture}}
- Soil nitrogen: {{soil_nitrogen}}
- Soil potassium: {{soil_potassium}}
- Soil phosphorus: {{soil_phosphorus}}
- Soil electrical conductivity: {{soil_ec}}
- Air temperature (Â°C): {{ambient_temperature}}
- Air humidity (%): {{atmospheric_humidity}}
- Rainfall: {{rainfall_state}}
- Sunshine intensity: {{sunshine_intensity}}

You are an experienced agricultural extension officer specializing in paddy-rice farming.
Write a short instructional message (under 200 words) to help the farmer improve yield and protect the environment.

Guidelines:
- Speak in a friendly, natural tone, as if talking directly to the farmer.
- Avoid symbols, bullet points, and special characters that may sound awkward when spoken.
- Refer naturally to the provided data where relevant.
- Keep sentences clear, concise, and easy to read aloud.
- Begin with: ""Hello Watanabe-san,""

Example style:
""Hello Watanabe-san, your soil looks healthy but slightly low in nitrogen. You can add compost or a light fertilizer this week to help the plants grow stronger...""

Now, write the complete instructional message.
"," Hello Watanabe-san! Your soil seems to be getting low in nitrogen, which could affect the overall health and productivity of your paddy-rice crops. To improve yield and protect the environment, I'd recommend incorporating compost or a light fertilizer like organic matter into your soil this week. You can also consider using a slow-release fertilizer that gradually increases nitrogen levels over time. Remember to follow the guidelines provided in your farm manual and consult with an experienced agricultural extension officer if needed.""

In the message, I've included clear, natural language that helps the farmer understand what needs to be done without using jargon or special characters. It includes a friendly greeting (""Hello Watanabe-san""), addresses the specific issue of low nitrogen levels, and suggests ways to address it, such as incorporating compost or a light fertilizer. This is followed by a clear explanation of what needs to be done and how it can benefit the crops in terms of growth and nutrition. Additionally, I've mentioned that they should consult with an experienced agricultural extension officer if needed, which is a helpful tip for preventing any mistakes or potential issues before starting the process.",23.397802,263,Paddy Rice,72,2.4,23.14,35.38,1946.72,793.17,476.75,1086.41,16.85,45.17,Dew,Low
1,"Farm data:
- Type: {{farm_type}}
- Days since planting: {{days_since_planting}}
- Soil pH: {{ph}}
- Soil temperature (Â°C): {{soil_temperature}}
- Soil moisture (%): {{soil_moisture}}
- Soil nitrogen: {{soil_nitrogen}}
- Soil potassium: {{soil_potassium}}
- Soil phosphorus: {{soil_phosphorus}}
- Soil electrical conductivity: {{soil_ec}}
- Air temperature (Â°C): {{ambient_temperature}}
- Air humidity (%): {{atmospheric_humidity}}
- Rainfall: {{rainfall_state}}
- Sunshine intensity: {{sunshine_intensity}}
You are an experienced agricultural extension officer specializing in paddy-rice farming. 
Using the data above, write a short spoken script (about 180â€“200 words) for another extension officer to read directly to the farmer. 
The style should be warm, conversational, and natural â€” as if speaking kindly to the farmer in person. 
Avoid all special characters, symbols, numbered lists, or bullet points. 
Use complete sentences and smooth transitions. 
Demonstrate expert understanding of paddy-rice farming and relate your advice to the actual data provided. 
Maintain focus on yield improvement and environmental safety. 
Start your response exactly with: Hello Watanabe-san, 

Example responses (for reference only â€” do not copy or reuse):
Example 1:
Hello Watanabe-san, based on the data from your paddy field, here are some important observations and suggestions. 
Your soil pH is slightly acidic, around 5.2, so applying a bit of lime will help balance it. Nitrogen is slightly low, so adding urea can support healthy tillering. 
Potassium and phosphorus are fine for now, but keep checking them as the plants grow. 
Moisture and drainage look good â€” just avoid overflooding. 
The soil temperature around 19Â°C and bright sunshine make it a great time to apply fertilizer and manage weeds. 
Humidity is a bit low, so light irrigation will keep the plants comfortable. 
Keep this steady approach to maintain crop health and good yield.

Example 2:
Hello Watanabe-san, your field is progressing well, but a few adjustments can help you reach full yield potential. 
The soil pH of 5.4 shows mild acidity. Applying a little lime will improve nutrient uptake. 
Nitrogen is a bit below optimal, so a nitrogen-rich fertilizer will encourage stronger growth. 
Potassium and phosphorus levels look balanced, but check them regularly. 
Soil moisture at 70% is excellent; maintain this level while avoiding waterlogging. 
The temperature of 20Â°C and strong sunshine are ideal for tillering. 
Humidity is slightly low, so keeping water in the field will create a better environment for growth. 
Your efforts are paying off â€” keep observing and adjusting carefully for a healthy, productive crop.
"," Hello Watanabe-san, based on the data from your paddy field, here are some important observations and suggestions. 

Your soil pH is slightly acidic, around 5.2, so applying a bit of lime will help balance it. Nitrogen is slightly low, so adding urea can support healthy tillering. Potassium and phosphorus are fine for now, but keep checking them as the plants grow. 

Moisture and drainage look good â€” just avoid overflooding. 
The soil temperature around 19Â°C and bright sunshine make it a great time to apply fertilizer and manage weeds. 
Humidity is a bit low, so light irrigation will keep the plants comfortable. 
Keep this steady approach to maintain crop health and good yield. 

Please consider these suggestions as they can improve your field's productivity and help you reach full potential.",58.139183,209,Paddy Rice,46,5.75,13.01,70.77,1043.63,1320.95,1662.18,8100.25,24.72,4.52,Dew,Moderate
2,"Farm data:
- Type: {{farm_type}}
- Days since planting: {{days_since_planting}}
- Soil pH: {{ph}}
- Soil temperature (Â°C): {{soil_temperature}}
- Soil moisture (%): {{soil_moisture}}
- Soil nitrogen: {{soil_nitrogen}}
- Soil potassium: {{soil_potassium}}
- Soil phosphorus: {{soil_phosphorus}}
- Soil electrical conductivity: {{soil_ec}}
- Air temperature (Â°C): {{ambient_temperature}}
- Air humidity (%): {{atmospheric_humidity}}
- Rainfall: {{rainfall_state}}
- Sunshine intensity: {{sunshine_intensity}}
You are an experienced agricultural extension officer specializing in paddy-rice farming. 
Using the data above, write a short spoken script (about 180â€“200 words) for another extension officer to read directly to the farmer. 
The style should be warm, conversational, and natural â€” as if speaking kindly to the farmer in person. 
Avoid all special characters, symbols, numbered lists, or bullet points. 
Use complete sentences and smooth transitions. 
Demonstrate expert understanding of paddy-rice farming and relate your advice to the actual data provided. 
Maintain focus on yield improvement and environmental safety. 
Start your response exactly with: Hello Watanabe-san, 

Example responses (for reference only â€” do not copy or reuse):
Example 1:
Hello Watanabe-san, based on the data from your paddy field, here are some important observations and suggestions. 
Your soil pH is slightly acidic, around 5.2, so applying a bit of lime will help balance it. Nitrogen is slightly low, so adding urea can support healthy tillering. 
Potassium and phosphorus are fine for now, but keep checking them as the plants grow. 
Moisture and drainage look good â€” just avoid overflooding. 
The soil temperature around 19Â°C and bright sunshine make it a great time to apply fertilizer and manage weeds. 
Humidity is a bit low, so light irrigation will keep the plants comfortable. 
Keep this steady approach to maintain crop health and good yield.

Example 2:
Hello Watanabe-san, your field is progressing well, but a few adjustments can help you reach full yield potential. 
The soil pH of 5.4 shows mild acidity. Applying a little lime will improve nutrient uptake. 
Nitrogen is a bit below optimal, so a nitrogen-rich fertilizer will encourage stronger growth. 
Potassium and phosphorus levels look balanced, but check them regularly. 
Soil moisture at 70% is excellent; maintain this level while avoiding waterlogging. 
The temperature of 20Â°C and strong sunshine are ideal for tillering. 
Humidity is slightly low, so keeping water in the field will create a better environment for growth. 
Your efforts are paying off â€” keep observing and adjusting carefully for a healthy, productive crop.
"," Hello Watanabe-san! Based on your paddy field data, I have some important observations and suggestions to share with you. 
Firstly, your soil pH is slightly acidic, which can impact the growth of your plants. Adding a few drops of lime will help balance it out. You may also want to consider using a fertilizer that contains urea to promote healthy tillering. For potassium and phosphorus levels, maintaining optimal levels will ensure strong root development and healthier plants. 
In terms of moisture and drainage, it's a great time to apply a light amount of fertilizer, as well as manage weeds using herbicides or pesticides. Overall, keep this steady approach and I'll be here to help if you have any questions or concerns about your field.",17.529799,182,Paddy Rice,108,8.95,38.61,33.44,892.69,269.74,849.83,4832.48,32.7,67.08,Light Rain,High
3,"Farm data:
- Type: {{farm_type}}
- Days since planting: {{days_since_planting}}
- Soil pH: {{ph}}
- Soil temperature (Â°C): {{soil_temperature}}
- Soil moisture (%): {{soil_moisture}}
- Soil nitrogen: {{soil_nitrogen}}
- Soil potassium: {{soil_potassium}}
- Soil phosphorus: {{soil_phosphorus}}
- Soil electrical conductivity: {{soil_ec}}
- Air temperature (Â°C): {{ambient_temperature}}
- Air humidity (%): {{atmospheric_humidity}}
- Rainfall: {{rainfall_state}}
- Sunshine intensity: {{sunshine_intensity}}
You are an experienced agricultural extension officer specializing in paddy-rice farming. 
Using the data above, write a short spoken script (about 180â€“200 words) for another extension officer to read directly to the farmer. 
The style should be warm, conversational, and natural â€” as if speaking kindly to the farmer in person. 
Avoid all special characters, symbols, numbered lists, or bullet points. 
Use complete sentences and smooth transitions. 
Demonstrate expert understanding of paddy-rice farming and relate your advice to the actual data provided. 
Maintain focus on yield improvement and environmental safety. 
Start your response exactly with: Hello Watanabe-san, 

Example responses (for reference only â€” do not copy or reuse):
Example 1:
Hello Watanabe-san, based on the data from your paddy field, here are some important observations and suggestions. 
Your soil pH is slightly acidic, around 5.2, so applying a bit of lime will help balance it. Nitrogen is slightly low, so adding urea can support healthy tillering. 
Potassium and phosphorus are fine for now, but keep checking them as the plants grow. 
Moisture and drainage look good â€” just avoid overflooding. 
The soil temperature around 19Â°C and bright sunshine make it a great time to apply fertilizer and manage weeds. 
Humidity is a bit low, so light irrigation will keep the plants comfortable. 
Keep this steady approach to maintain crop health and good yield.

Example 2:
Hello Watanabe-san, your field is progressing well, but a few adjustments can help you reach full yield potential. 
The soil pH of 5.4 shows mild acidity. Applying a little lime will improve nutrient uptake. 
Nitrogen is a bit below optimal, so a nitrogen-rich fertilizer will encourage stronger growth. 
Potassium and phosphorus levels look balanced, but check them regularly. 
Soil moisture at 70% is excellent; maintain this level while avoiding waterlogging. 
The temperature of 20Â°C and strong sunshine are ideal for tillering. 
Humidity is slightly low, so keeping water in the field will create a better environment for growth. 
Your efforts are paying off â€” keep observing and adjusting carefully for a healthy, productive crop.
","Hello Watanabe-san! Based on the data from your paddy field, I have some important observations and suggestions for you to improve yield improvements and maintain soil health. 
Your soil pH is slightly acidic, around 5.2, so applying a bit of lime will help balance it. Nitrogen is slightly low, so adding urea can support healthy tillering. Potassium and phosphorus are fine for now, but keep checking them as the plants grow. 
Moisture and drainage look good â€” just avoid overflooding. 
The soil temperature around 19Â°C and bright sunshine make it a great time to apply fertilizer and manage weeds. 
Humidity is a bit low, so light irrigation will keep the plants comfortable. 
Keep this steady approach to maintain crop health and good yield. 
I hope these suggestions are helpful for you in improving your field. 
Remember, always observe the soil, water, and temperature conditions before making any adjustments.",22.387383,230,Paddy Rice,30,0.36,24.81,42.12,976.03,1288.5,1317.12,6125.9,23.74,53.44,Dew,Moderate
